{
  "overall_mrr": 0.8263582560504862,
  "overall_recall10": 0.9399596367305751,
  "category_mrr": {
    "multi_hop": 0.7719638530386194,
    "temporal": 0.576595928226363,
    "single_hop": 0.7425419340312958,
    "open_domain": 0.8734782854877979,
    "adversarial": 0.8811721474838067
  },
  "category_recall10": {
    "multi_hop": 0.8909657320872274,
    "temporal": 0.7717391304347826,
    "single_hop": 0.9397163120567376,
    "open_domain": 0.9667063020214031,
    "adversarial": 0.9596412556053812
  },
  "elapsed_s": 3565.6918337345123,
  "consolidation_total_wall_s": 1201.7945095831528,
  "consolidation_call_count": 10,
  "manifest": {
    "with_consolidation": true,
    "ablate_mechanism": null,
    "ablate_env_var": null,
    "n_conversations": 10,
    "n_questions": 1982,
    "consolidation_call_count": 10,
    "consolidation_total_wall_s": 1201.7945095831528
  }
}