{
  "overall_mrr": 0.8276452356926627,
  "overall_recall10": 0.9409687184661958,
  "category_mrr": {
    "multi_hop": 0.7764340107798051,
    "temporal": 0.5711611456176674,
    "single_hop": 0.7481776989755713,
    "open_domain": 0.873708076175377,
    "adversarial": 0.8807984554060787
  },
  "category_recall10": {
    "multi_hop": 0.897196261682243,
    "temporal": 0.7717391304347826,
    "single_hop": 0.9432624113475178,
    "open_domain": 0.9667063020214031,
    "adversarial": 0.9573991031390134
  },
  "elapsed_s": 3290.3183879852295,
  "consolidation_total_wall_s": 1075.881780292024,
  "consolidation_call_count": 10,
  "manifest": {
    "with_consolidation": true,
    "ablate_mechanism": "TWO_STAGE_MODEL",
    "ablate_env_var": "CORTEX_ABLATE_TWO_STAGE_MODEL=1",
    "n_conversations": 10,
    "n_questions": 1982,
    "consolidation_call_count": 10,
    "consolidation_total_wall_s": 1075.881780292024
  }
}