{
  "lambda": 1.0,
  "elapsed_seconds": 211.05488681793213,
  "quick": true,
  "metrics": {
    "overall": {
      "mrr": 0.399,
      "r5": 0.483,
      "r10": 0.5670000000000001
    },
    "abilities": {
      "abstention": {
        "mrr": 0.333,
        "r5": 0.33299999999999996,
        "r10": 0.33299999999999996
      },
      "contradiction_resolution": {
        "mrr": 0.556,
        "r5": 0.667,
        "r10": 0.667
      },
      "event_ordering": {
        "mrr": 0.339,
        "r5": 0.5,
        "r10": 1.0
      },
      "information_extraction": {
        "mrr": 0.556,
        "r5": 0.667,
        "r10": 0.667
      },
      "instruction_following": {
        "mrr": 0.246,
        "r5": 0.33299999999999996,
        "r10": 0.5
      },
      "knowledge_update": {
        "mrr": 0.667,
        "r5": 0.667,
        "r10": 0.667
      },
      "preference_following": {
        "mrr": 0.306,
        "r5": 0.5,
        "r10": 0.5
      },
      "summarization": {
        "mrr": 0.236,
        "r5": 0.33299999999999996,
        "r10": 0.5
      },
      "temporal_reasoning": {
        "mrr": 0.333,
        "r5": 0.33299999999999996,
        "r10": 0.33299999999999996
      }
    },
    "raw_output": "Loading BEAM dataset (split=100K)...\nRunning benchmark on 3 conversations (PostgreSQL backend)...\n  [1/3] avg_MRR=0.237 questions=20 (149.2s/conv)\n\n========================================================================\nBEAM Benchmark Results \u2014 Cortex (PostgreSQL)\n========================================================================\n\nAbility                         MRR    R@5   R@10   Qs   LIGHT\n----------------------------------------------------------------------\nabstention                    0.333 33.3% 33.3%    6   0.750\ncontradiction_resolution      0.556 66.7% 66.7%    6   0.050\nevent_ordering                0.339 50.0% 100.0%    6   0.266\ninformation_extraction        0.556 66.7% 66.7%    6   0.375\ninstruction_following         0.246 33.3% 50.0%    6   0.500\nknowledge_update              0.667 66.7% 66.7%    6   0.375\nmulti_session_reasoning       0.417 50.0% 50.0%    6   0.000\npreference_following          0.306 50.0% 50.0%    6   0.483\nsummarization                 0.236 33.3% 50.0%    6   0.277\ntemporal_reasoning            0.333 33.3% 33.3%    6   0.075\n----------------------------------------------------------------------\nOVERALL                       0.399 48.3% 56.7%   60   0.329\n\nTotal time: 209.5s (69.8s/conversation)\nConversations: 3, Split: 100K\n\nNote: LIGHT scores are full QA (LLM-as-judge), not retrieval-only.\n      Cortex scores here are retrieval MRR/Recall \u2014 not directly comparable\n      but show retrieval quality that feeds downstream QA.\n"
  }
}