{
  "rerank_alpha": {
    "0.3": 0.5114815917107584,
    "0.5": 0.5290734126984127,
    "0.55": 0.534698082010582,
    "0.7": 0.5422724867724867
  }
}