n,condition,n_queries,access_events,zipf_alpha,r_at_1,r_at_10,mrr,wall_per_query_ms,rss_peak_mb,seed
100,cortex_full,10,200,1.5,1.0,1.0,1.0,111.23624590691179,237.49503231048584,42
100,cortex_flat,10,200,1.5,1.0,1.0,1.0,104.27975409547798,8.87058162689209,42
