{
  "best": {
    "idx": 0,
    "label": "B_er0.10_mc0.05",
    "weights": {
      "HOPFIELD_BETA": 0.3,
      "HDC_BETA": 0.2,
      "SA_BETA": 0.25,
      "DENDRITIC_DELTA": 0.1,
      "EMOTIONAL_RETRIEVAL_BETA": 0.1,
      "MOOD_CONGRUENT_BETA": 0.05
    },
    "mrr": 0.84,
    "r10": 0.9
  },
  "plateau_size": 25,
  "plateau_eps": 0.005,
  "plateau_labels": [
    "B_er0.10_mc0.05",
    "B_er0.10_mc0.10",
    "B_er0.10_mc0.15",
    "B_er0.10_mc0.20",
    "B_er0.10_mc0.25",
    "B_er0.15_mc0.05",
    "B_er0.15_mc0.10",
    "B_er0.15_mc0.15",
    "B_er0.15_mc0.20",
    "B_er0.15_mc0.25",
    "B_er0.20_mc0.05",
    "B_er0.20_mc0.10",
    "B_er0.20_mc0.15",
    "B_er0.20_mc0.20",
    "B_er0.20_mc0.25",
    "B_er0.25_mc0.05",
    "B_er0.25_mc0.10",
    "B_er0.25_mc0.15",
    "B_er0.25_mc0.20",
    "B_er0.25_mc0.25",
    "B_er0.30_mc0.05",
    "B_er0.30_mc0.10",
    "B_er0.30_mc0.15",
    "B_er0.30_mc0.20",
    "B_er0.30_mc0.25"
  ],
  "marginal_effects": {
    "EMOTIONAL_RETRIEVAL_BETA": {
      "range": 0.0,
      "best_level": 0.1,
      "by_level": {
        "0.1": 0.8400000000000001,
        "0.15": 0.8400000000000001,
        "0.2": 0.8400000000000001,
        "0.25": 0.8400000000000001,
        "0.3": 0.8400000000000001
      }
    },
    "MOOD_CONGRUENT_BETA": {
      "range": 0.0,
      "best_level": 0.05,
      "by_level": {
        "0.05": 0.8400000000000001,
        "0.1": 0.8400000000000001,
        "0.15": 0.8400000000000001,
        "0.2": 0.8400000000000001,
        "0.25": 0.8400000000000001
      }
    }
  }
}